{"lr":0.0009605960099999999,"_timestamp":1.784653410228086e+09,"_step":448,"train/loss":2.070925086736679,"test/mse":0.47309612293565084,"_runtime":396.498760708,"_wandb":{"runtime":396}}