{"_timestamp":1.784652699451839e+09,"test/mse":1.3602752543631054,"_wandb":{"runtime":271},"_runtime":271.982950375,"_step":499,"train/loss":5.4026854038238525,"lr":0.0009509900498999999}