{"train/loss":0.0013800248270854354,"lr":0.0009509900498999999,"_timestamp":1.7846530176307971e+09,"_step":499,"test/mse":0.03468065643461332,"_wandb":{"runtime":285},"_runtime":285.410437}