{"test/mse":0.22794924584764337,"_wandb":{"runtime":125},"_runtime":125.258192667,"_step":499,"train/loss":0.005069951090263203,"lr":0.0009509900498999999,"_timestamp":1.78465240317808e+09}